INSERT INTO `t_user` (`id`, `create_by`, `update_by`, `create_time`, `update_time`, `deleted`, `version`, `remark`, `username`, `password`, `nickname`, `email`, `sex`, `phone`, `avatar`, `status`, `last_login_ip`, `last_login_time`)
VALUES (1, NULL, NULL, now(), now(), 0, 1, NULL, 'admin', '$2a$10$GHoUDIvjIXO9ey5sd5D1YOL/YpIWca4PxzrnSepjEG3v8MQcoaFXS', '管理员', '228389787@qq.com', '0', '18888888888', NULL, '0', '127.0.0.1', now());

INSERT INTO `t_role` (`id`, `create_by`, `update_by`, `create_time`, `update_time`, `deleted`, `version`, `remark`, `role_name`, `role_code`, `order_num`, `status`)
VALUES (1, 1, NULL, now(), now(), 0, 1, '拥有系统全部权限', '超级管理员', 'admin', 1, '0'),
       (2, 1, NULL, now(), now(), 0, 1, '可以发布和管理文章', '博主', 'blogger', 2, '0'),
       (3, 1, NULL, now(), now(), 0, 1, '注册用户，可以评论', '普通用户', 'user', 3, '0');

INSERT INTO `t_user_role` (`id`, `user_id`, `role_id`) VALUES (1, 1, 1);

INSERT INTO `t_dictionary` (`id`, `create_by`, `update_by`, `create_time`, `update_time`, `deleted`, `version`, `remark`, `dict_name`, `dict_type`, `dict_sort`, `dict_label`, `dict_value`, `status`) VALUES
(1, 1, NULL, now(), now(), 0, 1, '请求成功状态', '操作状态', 'OPERATION_STATUS', 1, '成功', '0', '0'),
(2, 1, NULL, now(), now(), 0, 1, '请求失败状态', '操作状态', 'OPERATION_STATUS', 2, '失败', '1', '0'),
(3, 1, NULL, now(), now(), 0, 1, '正常使用状态', '数据状态', 'DATA_STATUS', 1, '正常', '0', '0'),
(4, 1, NULL, now(), now(), 0, 1, '暂停使用状态', '数据状态', 'DATA_STATUS', 2, '停用', '1', '0'),
(5, 1, NULL, now(), now(), 0, 1, '性别为男', '用户性别', 'USER_GENDER', 1, '男', '0', '0'),
(6, 1, NULL, now(), now(), 0, 1, '性别为女', '用户性别', 'USER_GENDER', 2, '女', '1', '0'),
(7, 1, NULL, now(), now(), 0, 1, '其他操作', '操作类型', 'BUSINESS_TYPE', 1, '其他', '0', '0'),
(8, 1, NULL, now(), now(), 0, 1, '新增操作', '操作类型', 'BUSINESS_TYPE', 2, '新增', '1', '0'),
(9, 1, NULL, now(), now(), 0, 1, '修改操作', '操作类型', 'BUSINESS_TYPE', 3, '修改', '2', '0'),
(10, 1, NULL, now(), now(), 0, 1, '删除操作', '操作类型', 'BUSINESS_TYPE', 4, '删除', '3', '0'),
(11, 1, NULL, now(), now(), 0, 1, '导出操作', '操作类型', 'BUSINESS_TYPE', 5, '导出', '4', '0'),
(12, 1, NULL, now(), now(), 0, 1, '导入操作', '操作类型', 'BUSINESS_TYPE', 6, '导入', '5', '0');

INSERT INTO `t_whitelist` (`create_by`, `update_by`, `create_time`, `update_time`, `deleted`, `version`, `remark`, `request_method`, `request_uri`, `description`, `status`) VALUES
(NULL, NULL, now(), now(), 0, 1, NULL, 'GET', '/blog/**', '博客前台公开接口', '0'),
(NULL, NULL, now(), now(), 0, 1, NULL, 'GET', '/file/preview/**', '文件预览公开接口', '0'),
(NULL, NULL, now(), now(), 0, 1, NULL, 'GET', '/profile/generate/captcha', '获取滑块验证码', '0'),
(NULL, NULL, now(), now(), 0, 1, NULL, 'GET', '/profile/sendEmailCode', '发送邮箱验证码', '0'),
(NULL, NULL, now(), now(), 0, 1, NULL, 'GET', '/profile/publicKey', '获取RSA公钥', '0'),
(NULL, NULL, now(), now(), 0, 1, NULL, 'GET', '/profile/refreshToken', '刷新Token', '0'),
(NULL, NULL, now(), now(), 0, 1, NULL, 'POST', '/profile/register', '注册用户', '0'),
(NULL, NULL, now(), now(), 0, 1, NULL, 'ALL', '/doc.html', 'knife4j文档', '0'),
(NULL, NULL, now(), now(), 0, 1, NULL, 'ALL', '/swagger-resources', 'knife4j文档', '0'),
(NULL, NULL, now(), now(), 0, 1, NULL, 'ALL', '/v2/api-docs', 'knife4j文档', '0'),
(NULL, NULL, now(), now(), 0, 1, NULL, 'ALL', '/v3/api-docs/**', 'swagger文档', '0'),
(NULL, NULL, now(), now(), 0, 1, NULL, 'ALL', '/webjars/**', 'knife4j文档', '0'),
(NULL, NULL, now(), now(), 0, 1, NULL, 'ALL', '/favicon.ico', 'favicon图标', '0'),
(NULL, NULL, now(), now(), 0, 1, NULL, 'ALL', '/swagger-ui.html', 'swagger文档', '0'),
(NULL, NULL, now(), now(), 0, 1, NULL, 'ALL', '/swagger-ui/**', 'swagger文档', '0');

INSERT INTO `t_permission` (`perm_code`, `perm_name`, `perm_type`, `status`, `remark`, `create_by`) VALUES
('blog:manage', '博客管理', 'M', '0', '页面权限', 1),
('blog:article:page', '文章管理', 'M', '0', '页面权限', 1),
('blog:category:page', '分类管理', 'M', '0', '页面权限', 1),
('blog:tag:page', '标签管理', 'M', '0', '页面权限', 1),
('blog:comment:page', '评论管理', 'M', '0', '页面权限', 1),
('blog:link:page', '友情链接', 'M', '0', '页面权限', 1),
('blog:config:page', '博客配置', 'M', '0', '页面权限', 1),
('system:manage', '系统管理', 'M', '0', '页面权限', 1),
('system:user:page', '用户管理', 'M', '0', '页面权限', 1),
('system:role:page', '角色管理', 'M', '0', '页面权限', 1),
('system:menu:page', '菜单管理', 'M', '0', '页面权限', 1),
('system:permission:page', '权限管理', 'M', '0', '页面权限', 1),
('system:resource:page', '资源管理', 'M', '0', '页面权限', 1),
('system:dict:page', '字典管理', 'M', '0', '页面权限', 1),
('system:whitelist:page', '白名单管理', 'M', '0', '页面权限', 1),
('system:log:manage', '日志管理', 'M', '0', '页面权限', 1),
('system:loginLog:page', '登录日志', 'M', '0', '页面权限', 1),
('system:operateLog:page', '操作日志', 'M', '0', '页面权限', 1),
('system:file:page', '文件管理', 'M', '0', '页面权限', 1),
('notification:page', '我的通知', 'M', '0', '页面权限', 1);

INSERT INTO `t_permission` (`perm_code`, `perm_name`, `perm_type`, `status`, `remark`, `create_by`) VALUES
('blog:article:add:btn', '文章管理-新增(按钮)', 'B', '0', '按钮权限', 1),
('blog:article:audit:btn', '文章管理-审核(按钮)', 'B', '0', '按钮权限', 1),
('blog:article:update:btn', '文章管理-修改(按钮)', 'B', '0', '按钮权限', 1),
('blog:article:delete:btn', '文章管理-删除(按钮)', 'B', '0', '按钮权限', 1),
('blog:category:add:btn', '分类管理-新增(按钮)', 'B', '0', '按钮权限', 1),
('blog:category:update:btn', '分类管理-修改(按钮)', 'B', '0', '按钮权限', 1),
('blog:category:delete:btn', '分类管理-删除(按钮)', 'B', '0', '按钮权限', 1),
('blog:tag:add:btn', '标签管理-新增(按钮)', 'B', '0', '按钮权限', 1),
('blog:tag:update:btn', '标签管理-修改(按钮)', 'B', '0', '按钮权限', 1),
('blog:tag:delete:btn', '标签管理-删除(按钮)', 'B', '0', '按钮权限', 1),
('blog:comment:audit:btn', '评论管理-审核(按钮)', 'B', '0', '按钮权限', 1),
('blog:comment:delete:btn', '评论管理-删除(按钮)', 'B', '0', '按钮权限', 1),
('blog:link:add:btn', '友情链接-新增(按钮)', 'B', '0', '按钮权限', 1),
('blog:link:update:btn', '友情链接-修改(按钮)', 'B', '0', '按钮权限', 1),
('blog:link:delete:btn', '友情链接-删除(按钮)', 'B', '0', '按钮权限', 1),
('blog:config:batchUpdate:btn', '博客配置-批量修改(按钮)', 'B', '0', '按钮权限', 1),
('system:user:add:btn', '用户管理-新增(按钮)', 'B', '0', '按钮权限', 1),
('system:user:update:btn', '用户管理-修改(按钮)', 'B', '0', '按钮权限', 1),
('system:user:delete:btn', '用户管理-删除(按钮)', 'B', '0', '按钮权限', 1),
('system:user:status:btn', '用户管理-状态修改(按钮)', 'B', '0', '按钮权限', 1),
('system:user:resetPwd:btn', '用户管理-重置密码(按钮)', 'B', '0', '按钮权限', 1),
('system:user:kick:btn', '用户管理-踢下线(按钮)', 'B', '0', '按钮权限', 1),
('system:role:add:btn', '角色管理-新增(按钮)', 'B', '0', '按钮权限', 1),
('system:role:update:btn', '角色管理-修改(按钮)', 'B', '0', '按钮权限', 1),
('system:role:delete:btn', '角色管理-删除(按钮)', 'B', '0', '按钮权限', 1),
('system:role:status:btn', '角色管理-状态修改(按钮)', 'B', '0', '按钮权限', 1),
('system:role:permConfig:btn', '角色管理-权限配置(按钮)', 'B', '0', '按钮权限', 1),
('system:role:assignUser:btn', '角色管理-分配用户(按钮)', 'B', '0', '按钮权限', 1),
('system:menu:add:btn', '菜单管理-新增(按钮)', 'B', '0', '按钮权限', 1),
('system:menu:update:btn', '菜单管理-修改(按钮)', 'B', '0', '按钮权限', 1),
('system:menu:delete:btn', '菜单管理-删除(按钮)', 'B', '0', '按钮权限', 1),
('system:menu:permConfig:btn', '菜单管理-权限配置(按钮)', 'B', '0', '按钮权限', 1),
('system:permission:add:btn', '权限管理-新增(按钮)', 'B', '0', '按钮权限', 1),
('system:permission:update:btn', '权限管理-修改(按钮)', 'B', '0', '按钮权限', 1),
('system:permission:effective:btn', '权限管理-状态修改(按钮)', 'B', '0', '按钮权限', 1),
('system:resource:add:btn', '资源管理-新增(按钮)', 'B', '0', '按钮权限', 1),
('system:resource:update:btn', '资源管理-修改(按钮)', 'B', '0', '按钮权限', 1),
('system:resource:delete:btn', '资源管理-删除(按钮)', 'B', '0', '按钮权限', 1),
('system:dict:add:btn', '字典管理-新增(按钮)', 'B', '0', '按钮权限', 1),
('system:dict:update:btn', '字典管理-修改(按钮)', 'B', '0', '按钮权限', 1),
('system:dict:delete:btn', '字典管理-删除(按钮)', 'B', '0', '按钮权限', 1),
('system:whitelist:add:btn', '白名单管理-新增(按钮)', 'B', '0', '按钮权限', 1),
('system:whitelist:update:btn', '白名单管理-修改(按钮)', 'B', '0', '按钮权限', 1),
('system:whitelist:delete:btn', '白名单管理-删除(按钮)', 'B', '0', '按钮权限', 1),
('system:file:upload:btn', '文件管理-上传(按钮)', 'B', '0', '按钮权限', 1),
('system:file:uploadBatch:btn', '文件管理-批量上传(按钮)', 'B', '0', '按钮权限', 1),
('system:file:tempDownload:btn', '文件管理-临时下载(按钮)', 'B', '0', '按钮权限', 1),
('system:file:download:btn', '文件管理-下载(按钮)', 'B', '0', '按钮权限', 1),
('system:file:delete:btn', '文件管理-删除(按钮)', 'B', '0', '按钮权限', 1),
('system:loginLog:export:btn', '登录日志-导出(按钮)', 'B', '0', '按钮权限', 1),
('system:operateLog:export:btn', '操作日志-导出(按钮)', 'B', '0', '按钮权限', 1);

INSERT INTO `t_permission` (`perm_code`, `perm_name`, `perm_type`, `status`, `remark`, `create_by`) VALUES
('blog:article:list', '文章管理-分页列表', 'A', '0', '接口权限', 1),
('blog:article:detail', '文章管理-详情', 'A', '0', '接口权限', 1),
('blog:article:add', '文章管理-新增', 'A', '0', '接口权限', 1),
('blog:article:update', '文章管理-修改', 'A', '0', '接口权限', 1),
('blog:article:delete', '文章管理-删除', 'A', '0', '接口权限', 1),
('blog:article:audit', '文章管理-审核', 'A', '0', '接口权限', 1),
('blog:category:list', '分类管理-分页列表', 'A', '0', '接口权限', 1),
('blog:category:all', '分类管理-全部列表', 'A', '0', '接口权限', 1),
('blog:category:add', '分类管理-新增', 'A', '0', '接口权限', 1),
('blog:category:update', '分类管理-修改', 'A', '0', '接口权限', 1),
('blog:category:delete', '分类管理-删除', 'A', '0', '接口权限', 1),
('blog:tag:list', '标签管理-分页列表', 'A', '0', '接口权限', 1),
('blog:tag:all', '标签管理-全部列表', 'A', '0', '接口权限', 1),
('blog:tag:add', '标签管理-新增', 'A', '0', '接口权限', 1),
('blog:tag:update', '标签管理-修改', 'A', '0', '接口权限', 1),
('blog:tag:delete', '标签管理-删除', 'A', '0', '接口权限', 1),
('blog:comment:list', '评论管理-分页列表', 'A', '0', '接口权限', 1),
('blog:comment:status', '评论管理-审核', 'A', '0', '接口权限', 1),
('blog:comment:delete', '评论管理-删除', 'A', '0', '接口权限', 1),
('blog:link:list', '友情链接-分页列表', 'A', '0', '接口权限', 1),
('blog:link:add', '友情链接-新增', 'A', '0', '接口权限', 1),
('blog:link:update', '友情链接-修改', 'A', '0', '接口权限', 1),
('blog:link:delete', '友情链接-删除', 'A', '0', '接口权限', 1),
('blog:config:list', '博客配置-列表', 'A', '0', '接口权限', 1),
('blog:config:batchUpdate', '博客配置-批量修改', 'A', '0', '接口权限', 1),
('system:user:list', '用户管理-分页列表', 'A', '0', '接口权限', 1),
('system:user:detail', '用户管理-详情', 'A', '0', '接口权限', 1),
('system:user:status', '用户管理-状态修改', 'A', '0', '接口权限', 1),
('system:user:delete', '用户管理-删除', 'A', '0', '接口权限', 1),
('system:user:add', '用户管理-新增', 'A', '0', '接口权限', 1),
('system:user:update', '用户管理-修改', 'A', '0', '接口权限', 1),
('system:user:resetPwd', '用户管理-重置密码', 'A', '0', '接口权限', 1),
('system:user:kick', '用户管理-踢下线', 'A', '0', '接口权限', 1),
('system:role:list', '角色管理-分页列表', 'A', '0', '接口权限', 1),
('system:role:status', '角色管理-状态修改', 'A', '0', '接口权限', 1),
('system:role:delete', '角色管理-删除', 'A', '0', '接口权限', 1),
('system:role:add', '角色管理-新增', 'A', '0', '接口权限', 1),
('system:role:update', '角色管理-修改', 'A', '0', '接口权限', 1),
('system:role:allocatedList', '角色管理-已分配用户', 'A', '0', '接口权限', 1),
('system:role:unallocatedList', '角色管理-未分配用户', 'A', '0', '接口权限', 1),
('system:role:cancel', '角色管理-取消授权', 'A', '0', '接口权限', 1),
('system:role:cancelAll', '角色管理-批量取消授权', 'A', '0', '接口权限', 1),
('system:role:selectAll', '角色管理-批量授权', 'A', '0', '接口权限', 1),
('system:role:perm:list', '角色管理-权限列表', 'A', '0', '接口权限', 1),
('system:role:perm:assign', '角色管理-分配权限', 'A', '0', '接口权限', 1),
('system:menu:list', '菜单管理-列表', 'A', '0', '接口权限', 1),
('system:menu:detail', '菜单管理-详情', 'A', '0', '接口权限', 1),
('system:menu:delete', '菜单管理-删除', 'A', '0', '接口权限', 1),
('system:menu:add', '菜单管理-新增', 'A', '0', '接口权限', 1),
('system:menu:update', '菜单管理-修改', 'A', '0', '接口权限', 1),
('system:menu:perm:list', '菜单管理-权限列表', 'A', '0', '接口权限', 1),
('system:menu:perm:assign', '菜单管理-配置权限', 'A', '0', '接口权限', 1),
('system:permission:list', '权限管理-分页列表', 'A', '0', '接口权限', 1),
('system:permission:all', '权限管理-全部列表', 'A', '0', '接口权限', 1),
('system:permission:effective', '权限管理-状态修改', 'A', '0', '接口权限', 1),
('system:permission:add', '权限管理-新增', 'A', '0', '接口权限', 1),
('system:permission:update', '权限管理-修改', 'A', '0', '接口权限', 1),
('system:resource:list', '资源管理-分页列表', 'A', '0', '接口权限', 1),
('system:resource:detail', '资源管理-详情', 'A', '0', '接口权限', 1),
('system:resource:delete', '资源管理-删除', 'A', '0', '接口权限', 1),
('system:resource:add', '资源管理-新增', 'A', '0', '接口权限', 1),
('system:resource:update', '资源管理-修改', 'A', '0', '接口权限', 1),
('system:dict:list', '字典管理-分页列表', 'A', '0', '接口权限', 1),
('system:dict:delete', '字典管理-删除', 'A', '0', '接口权限', 1),
('system:dict:add', '字典管理-新增', 'A', '0', '接口权限', 1),
('system:dict:update', '字典管理-修改', 'A', '0', '接口权限', 1),
('system:whitelist:list', '白名单管理-分页列表', 'A', '0', '接口权限', 1),
('system:whitelist:detail', '白名单管理-详情', 'A', '0', '接口权限', 1),
('system:whitelist:delete', '白名单管理-删除', 'A', '0', '接口权限', 1),
('system:whitelist:add', '白名单管理-新增', 'A', '0', '接口权限', 1),
('system:whitelist:update', '白名单管理-修改', 'A', '0', '接口权限', 1),
('system:loginLog:list', '登录日志-分页列表', 'A', '0', '接口权限', 1),
('system:loginLog:export', '登录日志-导出', 'A', '0', '接口权限', 1),
('system:operateLog:list', '操作日志-分页列表', 'A', '0', '接口权限', 1),
('system:operateLog:export', '操作日志-导出', 'A', '0', '接口权限', 1),
('system:file:upload', '文件管理-上传', 'A', '0', '接口权限', 1),
('system:file:uploadBatch', '文件管理-批量上传', 'A', '0', '接口权限', 1),
('system:file:list', '文件管理-分页列表', 'A', '0', '接口权限', 1),
('system:file:tempDownload', '文件管理-临时下载URL', 'A', '0', '接口权限', 1),
('system:file:download', '文件管理-下载', 'A', '0', '接口权限', 1),
('system:file:localDownload', '文件管理-本地临时下载', 'A', '0', '接口权限', 1),
('system:file:uploadPlatform', '文件管理-指定平台上传', 'A', '0', '接口权限', 1),
('system:file:delete', '文件管理-删除', 'A', '0', '接口权限', 1),
('system:file:presignedUpload', '文件管理-预签名上传URL', 'A', '0', '接口权限', 1),
('system:file:presignedComplete', '文件管理-预签名上传入库', 'A', '0', '接口权限', 1),
('notification:list', '通知管理-分页列表', 'A', '0', '接口权限', 1),
('notification:unreadCount', '通知管理-未读数量', 'A', '0', '接口权限', 1),
('notification:read', '通知管理-标记已读', 'A', '0', '接口权限', 1),
('notification:readAll', '通知管理-全部已读', 'A', '0', '接口权限', 1);

INSERT INTO `t_menu` (`id`, `menu_code`, `menu_name`, `parent_id`, `order_num`, `name`, `path`, `menu_type`, `icon`, `hidden`, `status`, `create_by`) VALUES
(1, 'blog', '博客管理', 0, 1, 'Blog', '/blog', 'D', 'icon-wordwenjian', 0, '0', 1),
(2, 'blog:article', '文章管理', 1, 1, 'Article', '/blog/article', 'M', 'icon-qiehuandaobianjimoshi', 0, '0', 1),
(3, 'blog:category', '分类管理', 1, 2, 'Category', '/blog/category', 'M', 'icon-mingxi', 0, '0', 1),
(4, 'blog:tag', '标签管理', 1, 3, 'Tag', '/blog/tag', 'M', 'icon-riqixuanze', 0, '0', 1),
(5, 'blog:comment', '评论管理', 1, 4, 'Comment', '/blog/comment', 'M', 'icon-zuoyerili', 0, '0', 1),
(6, 'blog:link', '友情链接', 1, 5, 'FriendLink', '/blog/link', 'M', 'icon-fasong', 0, '0', 1),
(7, 'blog:config', '博客配置', 1, 6, 'BlogConfig', '/blog/config', 'M', 'icon-peizhi', 0, '0', 1),
(10, 'system', '系统管理', 0, 2, 'System', '/system', 'D', 'icon-shezhi', 0, '0', 1),
(11, 'system:user', '用户管理', 10, 1, 'User', '/system/user', 'M', 'icon-yonghuzhuzhanghaoguanli', 0, '0', 1),
(12, 'system:role', '角色管理', 10, 2, 'Role', '/system/role', 'M', 'icon-zhuzhanghaoliebiao', 0, '0', 1),
(13, 'system:menu', '菜单管理', 10, 3, 'Menu', '/system/menu', 'M', 'icon-fenpeishebei', 0, '0', 1),
(14, 'system:permission', '权限管理', 10, 4, 'Permission', '/system/permission', 'M', 'icon-anquanduixiang', 0, '0', 1),
(15, 'system:resource', '资源管理', 10, 5, 'Resource', '/system/resource', 'M', 'icon-mobanguanli', 0, '0', 1),
(16, 'system:dict', '字典管理', 10, 6, 'Dictionary', '/system/dictionary', 'M', 'icon-shezhipingfenfangan', 0, '0', 1),
(17, 'system:whitelist', '白名单管理', 10, 7, 'Whitelist', '/system/whitelist', 'M', 'icon-jintian', 0, '0', 1),
(20, 'log', '日志管理', 0, 3, 'Log', '/log', 'D', 'icon-jiansuo', 0, '0', 1),
(21, 'log:login', '登录日志', 20, 1, 'LoginLog', '/log/login', 'M', 'icon-mingdanshujuguanli', 0, '0', 1),
(22, 'log:operate', '操作日志', 20, 2, 'OperateLog', '/log/operate', 'M', 'icon-lousaojieguobaobiao', 0, '0', 1),
(25, 'file', '文件管理', 0, 4, 'File', '/file', 'M', 'icon-zuoyejihuafenlei', 0, '0', 1),
(26, 'notification', '我的通知', 0, 5, 'Notification', '/notification', 'M', 'icon-tixing', 0, '0', 1);

INSERT INTO `t_menu_permission` (`menu_id`, `perm_code`) VALUES
(1, 'blog:manage'),
(2, 'blog:article:page'),
(3, 'blog:category:page'),
(4, 'blog:tag:page'),
(5, 'blog:comment:page'),
(6, 'blog:link:page'),
(7, 'blog:config:page'),
(10, 'system:manage'),
(11, 'system:user:page'),
(12, 'system:role:page'),
(13, 'system:menu:page'),
(14, 'system:permission:page'),
(15, 'system:resource:page'),
(16, 'system:dict:page'),
(17, 'system:whitelist:page'),
(20, 'system:log:manage'),
(21, 'system:loginLog:page'),
(22, 'system:operateLog:page'),
(25, 'system:file:page'),
(26, 'notification:page');

INSERT INTO `t_resource` (`request_method`, `request_uri`, `perm_code`, `status`, `remark`, `create_by`) VALUES
('GET', '/article/pageList', 'blog:article:list', '0', '文章管理-分页列表', 1),
('GET', '/article/detail/*', 'blog:article:detail', '0', '文章管理-详情', 1),
('POST', '/article/add', 'blog:article:add', '0', '文章管理-新增', 1),
('PUT', '/article/update', 'blog:article:update', '0', '文章管理-修改', 1),
('DELETE', '/article/delete/*', 'blog:article:delete', '0', '文章管理-删除', 1),
('PUT', '/article/audit/*', 'blog:article:audit', '0', '文章管理-审核', 1),
('GET', '/category/pageList', 'blog:category:list', '0', '分类管理-分页列表', 1),
('GET', '/category/list', 'blog:category:all', '0', '分类管理-全部列表', 1),
('POST', '/category/add', 'blog:category:add', '0', '分类管理-新增', 1),
('PUT', '/category/update', 'blog:category:update', '0', '分类管理-修改', 1),
('DELETE', '/category/delete/*', 'blog:category:delete', '0', '分类管理-删除', 1),
('GET', '/tag/pageList', 'blog:tag:list', '0', '标签管理-分页列表', 1),
('GET', '/tag/list', 'blog:tag:all', '0', '标签管理-全部列表', 1),
('POST', '/tag/add', 'blog:tag:add', '0', '标签管理-新增', 1),
('PUT', '/tag/update', 'blog:tag:update', '0', '标签管理-修改', 1),
('DELETE', '/tag/delete/*', 'blog:tag:delete', '0', '标签管理-删除', 1),
('GET', '/comment/pageList', 'blog:comment:list', '0', '评论管理-分页列表', 1),
('PUT', '/comment/updateStatus/*', 'blog:comment:status', '0', '评论管理-审核', 1),
('DELETE', '/comment/delete/*', 'blog:comment:delete', '0', '评论管理-删除', 1),
('GET', '/link/pageList', 'blog:link:list', '0', '友情链接-分页列表', 1),
('POST', '/link/add', 'blog:link:add', '0', '友情链接-新增', 1),
('PUT', '/link/update', 'blog:link:update', '0', '友情链接-修改', 1),
('DELETE', '/link/delete/*', 'blog:link:delete', '0', '友情链接-删除', 1),
('GET', '/blogConfig/list', 'blog:config:list', '0', '博客配置-列表', 1),
('PUT', '/blogConfig/batchUpdate', 'blog:config:batchUpdate', '0', '博客配置-批量修改', 1),
('GET', '/user/pageList', 'system:user:list', '0', '用户管理-分页列表', 1),
('GET', '/user/detail/*', 'system:user:detail', '0', '用户管理-详情', 1),
('PUT', '/user/updateStatus/*', 'system:user:status', '0', '用户管理-状态修改', 1),
('DELETE', '/user/delete/*', 'system:user:delete', '0', '用户管理-删除', 1),
('POST', '/user/add', 'system:user:add', '0', '用户管理-新增', 1),
('PUT', '/user/update', 'system:user:update', '0', '用户管理-修改', 1),
('PUT', '/user/resetPassword/*', 'system:user:resetPwd', '0', '用户管理-重置密码', 1),
('PUT', '/user/kick/*', 'system:user:kick', '0', '用户管理-踢下线', 1),
('GET', '/role/pageList', 'system:role:list', '0', '角色管理-分页列表', 1),
('PUT', '/role/updateStatus/*', 'system:role:status', '0', '角色管理-状态修改', 1),
('DELETE', '/role/delete/*', 'system:role:delete', '0', '角色管理-删除', 1),
('POST', '/role/add', 'system:role:add', '0', '角色管理-新增', 1),
('PUT', '/role/update', 'system:role:update', '0', '角色管理-修改', 1),
('GET', '/role/allocatedList', 'system:role:allocatedList', '0', '角色管理-已分配用户', 1),
('GET', '/role/unallocatedList', 'system:role:unallocatedList', '0', '角色管理-未分配用户', 1),
('PUT', '/role/cancel', 'system:role:cancel', '0', '角色管理-取消授权', 1),
('PUT', '/role/cancelAll', 'system:role:cancelAll', '0', '角色管理-批量取消授权', 1),
('POST', '/role/selectAll', 'system:role:selectAll', '0', '角色管理-批量授权', 1),
('GET', '/role/*/permissions', 'system:role:perm:list', '0', '角色管理-权限列表', 1),
('POST', '/role/*/permissions', 'system:role:perm:assign', '0', '角色管理-分配权限', 1),
('GET', '/menu/list', 'system:menu:list', '0', '菜单管理-列表', 1),
('GET', '/menu/detail/*', 'system:menu:detail', '0', '菜单管理-详情', 1),
('DELETE', '/menu/delete/*', 'system:menu:delete', '0', '菜单管理-删除', 1),
('POST', '/menu/add', 'system:menu:add', '0', '菜单管理-新增', 1),
('PUT', '/menu/update', 'system:menu:update', '0', '菜单管理-修改', 1),
('GET', '/menu/*/permissions', 'system:menu:perm:list', '0', '菜单管理-权限列表', 1),
('POST', '/menu/*/permissions', 'system:menu:perm:assign', '0', '菜单管理-配置权限', 1),
('GET', '/permissions/pageList', 'system:permission:list', '0', '权限管理-分页列表', 1),
('GET', '/permissions/list', 'system:permission:all', '0', '权限管理-全部列表', 1),
('PUT', '/permissions/effective/*', 'system:permission:effective', '0', '权限管理-状态修改', 1),
('POST', '/permissions/add', 'system:permission:add', '0', '权限管理-新增', 1),
('PUT', '/permissions/update', 'system:permission:update', '0', '权限管理-修改', 1),
('GET', '/resources/pageList', 'system:resource:list', '0', '资源管理-分页列表', 1),
('GET', '/resources/detail/*', 'system:resource:detail', '0', '资源管理-详情', 1),
('DELETE', '/resources/delete/*', 'system:resource:delete', '0', '资源管理-删除', 1),
('POST', '/resources/add', 'system:resource:add', '0', '资源管理-新增', 1),
('PUT', '/resources/update', 'system:resource:update', '0', '资源管理-修改', 1),
('GET', '/dictionary/pageList', 'system:dict:list', '0', '字典管理-分页列表', 1),
('DELETE', '/dictionary/delete/*', 'system:dict:delete', '0', '字典管理-删除', 1),
('POST', '/dictionary/add', 'system:dict:add', '0', '字典管理-新增', 1),
('PUT', '/dictionary/update', 'system:dict:update', '0', '字典管理-修改', 1),
('GET', '/whitelist/pageList', 'system:whitelist:list', '0', '白名单管理-分页列表', 1),
('GET', '/whitelist/detail/*', 'system:whitelist:detail', '0', '白名单管理-详情', 1),
('DELETE', '/whitelist/delete/*', 'system:whitelist:delete', '0', '白名单管理-删除', 1),
('POST', '/whitelist/add', 'system:whitelist:add', '0', '白名单管理-新增', 1),
('PUT', '/whitelist/update', 'system:whitelist:update', '0', '白名单管理-修改', 1),
('GET', '/loginLog/pageList', 'system:loginLog:list', '0', '登录日志-分页列表', 1),
('GET', '/loginLog/export', 'system:loginLog:export', '0', '登录日志-导出', 1),
('GET', '/operateLog/pageList', 'system:operateLog:list', '0', '操作日志-分页列表', 1),
('GET', '/operateLog/export', 'system:operateLog:export', '0', '操作日志-导出', 1),
('POST', '/file/upload', 'system:file:upload', '0', '文件管理-上传', 1),
('POST', '/file/upload/batch', 'system:file:uploadBatch', '0', '文件管理-批量上传', 1),
('GET', '/file/pageList', 'system:file:list', '0', '文件管理-分页列表', 1),
('GET', '/file/temporary-download-url', 'system:file:tempDownload', '0', '文件管理-临时下载URL', 1),
('GET', '/file/download', 'system:file:download', '0', '文件管理-下载', 1),
('GET', '/file/localDownload/**', 'system:file:localDownload', '0', '文件管理-本地临时下载', 1),
('POST', '/file/upload/*', 'system:file:uploadPlatform', '0', '文件管理-指定平台上传', 1),
('DELETE', '/file/delete', 'system:file:delete', '0', '文件管理-删除', 1),
('GET', '/file/presigned-upload-url', 'system:file:presignedUpload', '0', '文件管理-预签名上传URL', 1),
('POST', '/file/presigned-upload-complete', 'system:file:presignedComplete', '0', '文件管理-预签名上传入库', 1),
('GET', '/notification/pageList', 'notification:list', '0', '通知管理-分页列表', 1),
('GET', '/notification/unreadCount', 'notification:unreadCount', '0', '通知管理-未读数量', 1),
('PUT', '/notification/read/*', 'notification:read', '0', '通知管理-标记已读', 1),
('PUT', '/notification/readAll', 'notification:readAll', '0', '通知管理-全部已读', 1);

INSERT INTO `t_role_permission` (`role_id`, `perm_code`) VALUES
(1, 'blog:manage'),
(1, 'blog:article:page'),
(1, 'blog:category:page'),
(1, 'blog:tag:page'),
(1, 'blog:comment:page'),
(1, 'blog:link:page'),
(1, 'blog:config:page'),
(1, 'system:manage'),
(1, 'system:user:page'),
(1, 'system:role:page'),
(1, 'system:menu:page'),
(1, 'system:permission:page'),
(1, 'system:resource:page'),
(1, 'system:dict:page'),
(1, 'system:whitelist:page'),
(1, 'system:log:manage'),
(1, 'system:loginLog:page'),
(1, 'system:operateLog:page'),
(1, 'system:file:page'),
(1, 'notification:page'),
(1, 'blog:article:add:btn'),
(1, 'blog:article:update:btn'),
(1, 'blog:article:delete:btn'),
(1, 'blog:article:audit:btn'),
(1, 'blog:category:add:btn'),
(1, 'blog:category:update:btn'),
(1, 'blog:category:delete:btn'),
(1, 'blog:tag:add:btn'),
(1, 'blog:tag:update:btn'),
(1, 'blog:tag:delete:btn'),
(1, 'blog:comment:audit:btn'),
(1, 'blog:comment:delete:btn'),
(1, 'blog:link:add:btn'),
(1, 'blog:link:update:btn'),
(1, 'blog:link:delete:btn'),
(1, 'blog:config:batchUpdate:btn'),
(1, 'system:user:add:btn'),
(1, 'system:user:update:btn'),
(1, 'system:user:delete:btn'),
(1, 'system:user:status:btn'),
(1, 'system:user:resetPwd:btn'),
(1, 'system:user:kick:btn'),
(1, 'system:role:add:btn'),
(1, 'system:role:update:btn'),
(1, 'system:role:delete:btn'),
(1, 'system:role:status:btn'),
(1, 'system:role:permConfig:btn'),
(1, 'system:role:assignUser:btn'),
(1, 'system:menu:add:btn'),
(1, 'system:menu:update:btn'),
(1, 'system:menu:delete:btn'),
(1, 'system:menu:permConfig:btn'),
(1, 'system:permission:add:btn'),
(1, 'system:permission:update:btn'),
(1, 'system:permission:effective:btn'),
(1, 'system:resource:add:btn'),
(1, 'system:resource:update:btn'),
(1, 'system:resource:delete:btn'),
(1, 'system:dict:add:btn'),
(1, 'system:dict:update:btn'),
(1, 'system:dict:delete:btn'),
(1, 'system:whitelist:add:btn'),
(1, 'system:whitelist:update:btn'),
(1, 'system:whitelist:delete:btn'),
(1, 'system:file:upload:btn'),
(1, 'system:file:uploadBatch:btn'),
(1, 'system:file:tempDownload:btn'),
(1, 'system:file:download:btn'),
(1, 'system:file:delete:btn'),
(1, 'system:loginLog:export:btn'),
(1, 'system:operateLog:export:btn'),
(1, 'blog:article:list'),
(1, 'blog:article:detail'),
(1, 'blog:article:add'),
(1, 'blog:article:update'),
(1, 'blog:article:delete'),
(1, 'blog:article:audit'),
(1, 'blog:category:list'),
(1, 'blog:category:all'),
(1, 'blog:category:add'),
(1, 'blog:category:update'),
(1, 'blog:category:delete'),
(1, 'blog:tag:list'),
(1, 'blog:tag:all'),
(1, 'blog:tag:add'),
(1, 'blog:tag:update'),
(1, 'blog:tag:delete'),
(1, 'blog:comment:list'),
(1, 'blog:comment:status'),
(1, 'blog:comment:delete'),
(1, 'blog:link:list'),
(1, 'blog:link:add'),
(1, 'blog:link:update'),
(1, 'blog:link:delete'),
(1, 'blog:config:list'),
(1, 'blog:config:batchUpdate'),
(1, 'system:user:list'),
(1, 'system:user:detail'),
(1, 'system:user:status'),
(1, 'system:user:delete'),
(1, 'system:user:add'),
(1, 'system:user:update'),
(1, 'system:user:resetPwd'),
(1, 'system:user:kick'),
(1, 'system:role:list'),
(1, 'system:role:status'),
(1, 'system:role:delete'),
(1, 'system:role:add'),
(1, 'system:role:update'),
(1, 'system:role:allocatedList'),
(1, 'system:role:unallocatedList'),
(1, 'system:role:cancel'),
(1, 'system:role:cancelAll'),
(1, 'system:role:selectAll'),
(1, 'system:role:perm:list'),
(1, 'system:role:perm:assign'),
(1, 'system:menu:list'),
(1, 'system:menu:detail'),
(1, 'system:menu:delete'),
(1, 'system:menu:add'),
(1, 'system:menu:update'),
(1, 'system:menu:perm:list'),
(1, 'system:menu:perm:assign'),
(1, 'system:permission:list'),
(1, 'system:permission:all'),
(1, 'system:permission:effective'),
(1, 'system:permission:add'),
(1, 'system:permission:update'),
(1, 'system:resource:list'),
(1, 'system:resource:detail'),
(1, 'system:resource:delete'),
(1, 'system:resource:add'),
(1, 'system:resource:update'),
(1, 'system:dict:list'),
(1, 'system:dict:delete'),
(1, 'system:dict:add'),
(1, 'system:dict:update'),
(1, 'system:whitelist:list'),
(1, 'system:whitelist:detail'),
(1, 'system:whitelist:delete'),
(1, 'system:whitelist:add'),
(1, 'system:whitelist:update'),
(1, 'system:loginLog:list'),
(1, 'system:loginLog:export'),
(1, 'system:operateLog:list'),
(1, 'system:operateLog:export'),
(1, 'system:file:upload'),
(1, 'system:file:uploadBatch'),
(1, 'system:file:list'),
(1, 'system:file:tempDownload'),
(1, 'system:file:download'),
(1, 'system:file:localDownload'),
(1, 'system:file:uploadPlatform'),
(1, 'system:file:delete'),
(1, 'system:file:presignedUpload'),
(1, 'system:file:presignedComplete'),
(1, 'notification:list'),
(1, 'notification:unreadCount'),
(1, 'notification:read'),
(1, 'notification:readAll');

INSERT INTO `t_role_permission` (`role_id`, `perm_code`) VALUES
(2, 'blog:manage'),
(2, 'blog:article:page'),
(2, 'blog:category:page'),
(2, 'blog:tag:page'),
(2, 'blog:comment:page'),
(2, 'blog:link:page'),
(2, 'blog:config:page'),
(2, 'notification:page'),
(2, 'blog:article:add:btn'),
(2, 'blog:article:update:btn'),
(2, 'blog:article:delete:btn'),
(2, 'blog:category:add:btn'),
(2, 'blog:category:update:btn'),
(2, 'blog:tag:add:btn'),
(2, 'blog:tag:update:btn'),
(2, 'system:file:upload:btn'),
(2, 'blog:article:list'),
(2, 'blog:article:detail'),
(2, 'blog:article:add'),
(2, 'blog:article:update'),
(2, 'blog:article:delete'),
(2, 'blog:category:list'),
(2, 'blog:category:all'),
(2, 'blog:category:add'),
(2, 'blog:category:update'),
(2, 'blog:tag:list'),
(2, 'blog:tag:all'),
(2, 'blog:tag:add'),
(2, 'blog:tag:update'),
(2, 'system:file:upload'),
(2, 'system:file:download'),
(2, 'notification:list'),
(2, 'notification:unreadCount'),
(2, 'notification:read'),
(2, 'notification:readAll');

INSERT INTO `t_role_permission` (`role_id`, `perm_code`) VALUES
(3, 'notification:page'),
(3, 'notification:list'),
(3, 'notification:unreadCount'),
(3, 'notification:read'),
(3, 'notification:readAll');

INSERT INTO `t_blog_config` (`config_key`, `config_value`, `description`) VALUES
('site_name', '我的博客', '站点名称'),
('site_description', '一个基于Spring Boot的个人博客系统', '站点描述'),
('site_author', 'Admin', '站点作者'),
('site_avatar', '', '站点头像'),
('site_notice', '欢迎访问我的博客！', '站点公告'),
('site_about', '<p>欢迎来到我的博客！</p>', '关于页面内容'),
('site_record_number', '', '备案号'),
('site_footer', '', '页脚文案'),
('social_github', '', 'GitHub地址'),
('social_gitee', '', 'Gitee地址'),
('social_email', '', '联系邮箱'),
('social_qq', '', 'QQ号码');

INSERT INTO `t_category` (`id`, `name`, `sort`, `description`, `create_by`)
VALUES (1, '默认分类', 0, '未分类的文章', 1);

INSERT INTO `t_tag` (`id`, `name`, `color`, `create_by`) VALUES
(1, 'Java', '#F44336', 1),
(2, 'Spring Boot', '#4CAF50', 1),
(3, 'Vue', '#42b883', 1),
(4, '前端', '#2196F3', 1),
(5, '后端', '#FF9800', 1);
